column1,column2,column3
10,3.16227766,100
20,4.472135955,400
30,5.477225575,900
45,6.708203932,2025
55,7.416198487,3025
70,8.366600265,4900
19,4.358898944,361
50,7.071067812,2500
49,7,2401
63,7.937253933,3969
10,3.16227766,100