3col1,3col2,3col 3
60,5000,0.00056
70,6000,0.00078
23,3455,0.00022
52,3455,0.00099
6,7754,0.00048
2,3335,0.00011
1,1000,0.00022
66,2456,0.00067
99,0,0.00099
101,3467,0.00011